Window Size,MSE,MAE
50,0.04099511729799508,0.1522091214314458
