Window Size,MSE,MAE
50,0.024447475927184846,0.11125807222097166
