Window Size,MSE,MAE
50,0.032169593081888534,0.1448395870263751
