Window Size,MSE,MAE
50,0.04827050784784747,0.16332359118239276
