Window Size,MSE,MAE
50,0.024444453657399647,0.09479009094367187
