Window Size,MSE,MAE
50,0.05359605161810585,0.17622722380602407
