Window Size,MSE,MAE
50,0.02437893768071895,0.09210414258024048
