Window Size,MSE,MAE
50,0.03101691480617045,0.15047850574193736
