Window Size,MSE,MAE
50,0.057432155716913805,0.1773371967936437
