Window Size,MSE,MAE
50,0.05443182272138186,0.1786779024372143
