Window Size,MSE,MAE
1,0.03108814574618031,0.15018832254050513
